arrivals,mean_q_time_nurse,mean_time_with_nurse,mean_nurse_utilisation,mean_nurse_utilisation_tw,mean_nurse_q_length,count_nurse_unseen,mean_q_time_nurse_unseen
10755.161290322581,0.48846497726698573,9.977252688905901,0.49682639332763373,0.49682639332763356,0.12166204756137887,0.22580645161290322,2.116866544017588
92.85942665276139,0.06323314614048788,0.10417538014463167,0.007381804514793757,0.007381804514793688,0.016024525175284875,0.8045569140570411,1.217050008063599
10721.100177638484,0.4652708720081293,9.939040850970656,0.4941187255716117,0.4941187255716116,0.11578420427309796,-0.06930740702572605,-0.9064532780617758
10789.222403006679,0.5116590825258421,10.015464526841146,0.4995340610836558,0.49953406108365556,0.12753989084965978,0.5209203102515325,5.140186366096952
